DW_CLIENTE;customer;customer_type
34beaf383ea933f0cddc158429a0bb7ceaf41a5cd8902a9fa86ec19863e0238a;Aberdeen Shop;G2
4fec030486acdac87fd4a2abeb8634c6bcca965ff6bfe65b0659388c2e375430;Output Supermarket;G2
1f739db1ab3fe179fbee9896a96d332cd76eb95abae8dadaa95f07d8b20a6f67;TECC Shop;G3
88f70a6245961387adcc17778b9d2bfe9c3a563adf079da3e08ee7f9252fee14;LiveWire Supermarket;G2
aa33e73018a5806068bb4d11247c3ac358359ea5f01158f4197aafdf590ebe49;Degolyer Supermarket;G3
75dbe29c6a38204de7b18007872b7657939a956d33dce7a00bc8340c486d67ed;Dayton Store;G1
1ab25f159ea31deb4f0db50b916bbb43489c97b7686992f50d52b50ff86c2def;Smith Supermarket;G1
1eddf7463ed0868af70c02e4be2a2f581ec73d121aeff8d7c9ac36a720015307;Venred Shop;G2
6952c5395e9eb422947982ddfca9b655fef8b79e3440692e46c9fdfa7b94c0c5;ReviewBooth Shop;G2
35e15206f4b9eb9bb2e3f736889b593043fa469a54d5d9771112e30e7c6553ff;RealiDyne Shop;G2
f8c49279eb137f2b26d5460db9d5acd3ee1fdeb7e61a6fa8a984ce90a10aa6f8;Boott Store;G2
f57abc237fa3067ae771cd8c5bdc6138a47f86944cecfab4c5c385895625891c;Benedict Shop;G2
d5902753d975fee74b1fb966b4a2ec91e60c5c1b554395d7d46e74b96eb773b0;XVT Shop;G2
bb2fe03ae546e593d2445787dc87ed807e8a7f32e75a32964c0faa4befa22bad;Ottercom Shop;G2
bae8c49baa99fc73d97b6996ff8575fc331d8d3c6245743245d5a46c9bcfa852;Illuminati Shop;G2
5ccb32b03c25a248ccbb5413c70082efeec9426a84e19c8136c3870a7fb29622;Reflex Store;G1
33dcc3d726e3dca5791c9969d6efa71740dc3af2d9597a4ba047e49e566991ba;Pacific Market;G2
b09b18a7c05d28c6fa93245ad91ad13a91f6a5c21fa0937d87d2e59c96aa099f;Trust Supermarket;G2
59d5f4802ca6e8224b49acf787cc92d373848de7dae6e95d12ea7411a08eae82;R2J2 Shop;G2
d7bb4eb163954d03ca49fb780a6e1a2910c0250a5f4471f42ae7c714b89a611f;David Store;G2
0174c88c5e2b6346f3ddb3c9a5dce3c4e104bab6c55e19b9d5ddf529c77fddb5;Revolutionary Supermarket;G2
0caaa2012b3def22d8511760b9e093359ff0bf322e937525d1e6b9a7f4ffef7a;Gammel Group;G3
96e9167992149b810ce8ee4a981e3b83e683fbdc38a2d963bf5e10f4cc542c78;HBO Supermarket;G2
3627d38efc91eefedda1e9b6b823d93b2f5515789056ec20aa81b501489c7f26;We Market;G2
1b19a1e07b55a51a504a9882119588f6c1b0c937e4147280439fa13fa7be212b;Geac Shop;G2
48031857b0af0d40dab78ad4d941f7e21b28f70731da303ece78e2bd8620869b;Debian Shop;G2
10c79a8b70a88fe836eb610903620a84c7b9f5feb6b3c6fb40d723416f09b7cf;Federal Supermarket;G2
e65274907b9747ef7354acef78b24d95611fb52c331ba2fd202edeabdd1cdae9;Talou Shop;G2
e4f4b6a896fd429bccf628a53d2853e9fd3e491cc85e725686e2ef432e02e9bc;Outbreak Shop;G2
6dd67eb36715b0b78e0de49ed8382e91a03931091955ba670695f14df86e0061;GearSource Shop;G2
c37aa36d81f01dc3eb80acbf8c0a29e6734c80e7ef13ea485784dc35966a4fdf;UNIS Supermarket;G2
c3b87a4e86423608a4582410dc954e4df0767f45a623f617bbf37cdd1ae83e9b;Carden Supermarket;G2
bbb97822b8599d8678bd787e0bc09e313bc56d10dacd5772d4797951d170f9f5;WarRoom Store;G3
1ab9e08421e2befeb30add9ed5528b0d1d92162997a9902afd6fd1d0bf22ea5b;Patton Store;G1
5678f855468c7082d0a353dc8a992912f22a368bc5df8f4764d567701299cf7d;Siemens Supermarket;G2
17d3f9fb00b4d02af1ee53f8a7bc6423bb4317194b555dea28364a58d3c2b30b;KentISP Shop;G2
707aa0752d33b2a9023f39a4cf6099d9db99a3ccd37318efd9b3e06c18dec306;Screaming Market;G2
6056d6ad40e0ce232d645880c6ad3b521622a6e42c27a0232851614ceffbf4a1;Neos Gigaplace;G2
ca9ff35f711361b28c83b00a136a37abe11e25cee8a155785c1f752b6f7f75ac;Yurie Market;G2
ec7335d7a166ae2c73ae1358c36cb481adba5da5f2f922ba9519ea1a0ca953ce;Zitel Shop;G2
1a10eae2fe45bd39f16aead54d28c5e3fa10108f3c9978a1d58084c3ca166833;Science Store;G3
2b93e4e02e74e1ddc899f320f742585464b10e7b019e81703a3d3e370998a930;e-MDs Shop;G2
e38773cbdb2d0f5c2a06900986e3e3a5eb470fdabf5a889eb19197837358abce;R&R Store;G2
07345680d9a60225f021d2465bd0c0d3247102e0df9916bf05d2ad15b4715a6c;Quantum Supermarket;G2
240952ac3d9a9372b5e44d1f8d83028fa8f0035cc938d3d3d0b6c983761283b6;Xetron Shop;G2
d9bf5b4322a7cfeb1399b1674943863cd2bfe27f6eccfe721c891626470865e9;Hewlett Supermarket;G2
72c63b8d4d66380143ab6cceddf487597e2ec79bf8ce05f133cf5173fd1100d9;Day Market;G2
d08b3ffb616b6235be4a6a9176e0b00bfb1d4d3ce4c89a0ab545b5c3d685ce74;Abacus Market;G2
1855b3357fcaed44f6b3f0db506788a7d6c04895b88a2a1652c20f0ae1566f74;Kim Market;G2
f5020b5dbbc3bb01d4a300d724a4a9db68cf616965791d71e309f4264cd4e823;Gandalf Supermarket;G2
0aa1615a336871ddc8a598a746c11bcab8ab1e12a8876463e7d7481f05fbd77a;Velos Supermarket;G1
c9f46e5f73e984589917c870e994fc1583b2df241dba6c245c9eb6c2cdeb844c;FIBERWORKS Shop;G2
34225ea3d96f6667e32542027a7bbd663dfcbf11dabe30737738bbd235b2ce7e;Target Store;G2
1f05404bc11b9f8ac14000b5eaea97c9e68e9e7bdf5846eb38977ebcee5903cd;FenP Supermarket;G2
6c4ce01c7fba028a3a7b56e70d3517544a5ec843f6dc165c5a18d33f53cd5434;N.Graphics Shop;G2
19893304539284b31a0b2a72710208b778ab942e782f4bf31739243d5718c302;Transalta Store;G2
bb8f451083231358213cb595da9773d7fce7de0a61a7830c44020301f1c4cd85;U. Supermarket;G3
d7021610dfb415dec864d4675af6f8f8b190de9c8141c8faa837d52a640522ef;Pacifico's;G2
eabf5b410403be3e076a56c0fde77ac269f7eac484a84a1c4ef4ee0dceb2273b;Gate Shop;G2
272dd418a2a0ba3d5a53b45f3b9bbcda137afadf11b6cdd1b3071386430b526d;Best Supermarket;G2
acf4205de4cd61e7098c8def588095fed544cf2b93bdf7bfa1b1d56c7c3f9881;hesketh.com Shop;G1
ef043f6ebfd12eaadecc2f268a671328b94bc503dfe4fa506d338b4755838607;KENROB Megaplace;G2
31fd2f5df9a01cf88a4fb0e8dd565d965e3fdee194b54fb73315b31adf956ffd;Minneapolis Supermarket;G2
e296fbf0e63c6fc0280fab9770771eda7e3c857bba5aa15a4c11bc27fbb9673b;Signature Shop;G2
7df068e5dd2177428c69c59e85a0e53a60e846e8707cf11a8a15b71acb8363fe;Harts Superstore;G3
e392a929a14fe65869c28d76d6b7182e5a9ae8d35dbea2edbc803e768c083657;Besicorp Shop;G1
d0a6c6c85d25792feffb229e26105ac7075fe2e7da3a05b43c94b5f02ba611f0;Tandy Superstore;G2
d5d6f15d21ae9978599b84b0919ecdcf57ca84b3a0d7a3f19684bb3644a62003;Fins Shop;G2
24ede05cf6df9a3727d13f9cb3da2118a94b4687ba57b242acb2291ccb6bd76b;Xediom Shop;G2
c840a4c7099079e8519dbdaaffc63558badf567c936d7624ef63e84039812839;Script Supermarket;G3
61ac11533920d9b4192f618b03106e68f8d8d09dc4fbb5307a846139b8b45989;Pangaea Store;G2
f31cccc88ba6bd68961adaaa57019a11ca5fd2013e017bc25f1da23fd11b738f;Pacific Store;G2
0788427c0ed4971863a840a4eb6405f63aa2513d49fb5875f52006bfeaca8403;Towmotor Supermarket;G2
f42313d46cc79183d2f1dd19fe09e0cb7d03de34f9c3e454ac14cfacb4f836fc;Xilinix Midstore;G2
36f4925030542f643b0cf32a864ccb7cfd2bc9f0b6622048a67f30c36509f127;Johnson Store;G3
b4152e0eef9c820e775e11bd5cb4bfb34699bff25cc702445e5cb42c11903f00;Earth Shop;G2
dc6a2738f797b2fc1649968f77b72922b5949794f123a46c02a1c0a09053a410;Bizmarts Shop;G2
1b01a08de59d4f6d7483d65963dd1bfe21b674f7d20a7d5b587c6ea5cc9f9ff4;Bigelow Store;G1
378a185c9c13de9b5e6c8366b3218da303729e913c885023607bccfcd8df7b65;QualityLogic Shop;G2
f4c9bbb9d4c12f0c577bbc2cfa85b04fed69459816373d90af90c18e627b4a2d;Abplus Shop;G1
5481ed483fa45fdfc0279370e565f16cc4fe6b6833aabaa300992c0c7ed61284;Keystar Superstore;G2
cf31db925aa5f2b175a14f10b3caf22c16f11a2b23ec0e7935ec06bfc835113f;PING Shop;G1
ee50d6e0bfa17091c9bd7693d6014dab5ffc7ae3379ea1aeb1587e15585bcd17;Acara Shop;G2
5b83aa5e089376024a53d087b2d14021c60bb0f7777f44fae4e879282acb7794;PAP Supermarket;G2
a5a955ca98cfa605e8c59988e4cb9c9a526c66722990fe9018cac35b919cc682;Tailwind Shop;G2
e70e9079ef2835084eabecb81a9f3c347321d8e78253c41a977c1f78495d8f4c;Pantech Supermarket;G2
eab09e59475759a7d995378c3d0b393aed892f37dca0782d845880abb51c97f1;kGS Shop;G2
7a60a4a7f458ae0b087a3d42c9abd60e2d14f1302a68ec9f1008b15c070a7f06;CAPTA Shop;G2
bb396aa6503c7566170ac0de9575aa609ce6b1d7aad6e2885879d7a2b144d5c6;Xentec Shop;G2
700d21d21ebacf2fed91244e33f4caf6bcc5e9e292aa038bee952692da70eab6;Bitstream Shop;G1
3a73b390810272303da381f88dad6363ddf57dbb2f2ba00857f6668a93f9f2f9;Accumedic Store;G2
c33325640b637d4dfb424c31f39a9e92a4faf6212d6d71e32c952679b3372b36;GammaGraphX Store;G2
62dd4690b6e4c4dc9fe35699d8be4a786ccbea5faf45b0a600504160af9e57ce;Mersey Market;G2
6bf75c3ec5629db77c79af2aba31591e9794a3e5e77ca4865ba67d2d2bf5c0dc;Today Shop;G2
a0ae758e71e0a4672f4d5d8c3135fa2222152051f6a27acc927858e24e57c556;BigJobs Shop;G2
b7c45edfb68d1fa1c0150d858685354692d29adab40afca83ecc602c2b7c196d;Signatures Superstore;G2
b0d0de6ab8b3918126fdb8c5be2dde621f0e75040f1722cdfe3aa7f4b50be60b;Hobart Store;G2
34b9d7bb9f863448364f2e67b16d54bdde70b81a2ef8f429c7fc831f982ee5aa;Big Shop;G1
8aea1c7462776d404cb5306066fafb5d5dc3e60f9f3dbb5768f80475e70d2cdd;Filetron Shop;G2
cde417abbed5861b35a5d9390faa73ea71cced4e9f0d3738220847b9f0410989;Paraclipse Shop;G2
2f730fb1c41d3e167202e4fd7903d2d7d3e1af1874631ce4c2e13eca69077eaa;Watcom Maxistore;G2
d5f331a68041fdabc7c97123643059020061eab0bc9d2ddcdcc0a68dd274ad7f;Gate9th Shop;G2
7863357accf2ca3bf33adf6045065c200213b13d161a66ca1f6da3232a792009;Helfand Store;G1
64549eb1414e6087b83ab4bd9011c278128f756b141aaa040b3be201ce1141b7;Remedy Shop;G2
0d19b6292d4e5f1949249044fbf335a049d9059fc731d97ba319f99bdc3d70d1;Pereras;G2
20d77f0a3001804bda6689aadfaa03914e3a1f5679fe116455945bf93634f4b7;Home Store;G2
89f021720165fdb20d0bdc5d244b0b6cae398877ba4448857fdfae26793343cc;Tally Store;G2
ff8ee5d673b29e6df50c419c1bf3cf0da9d26608120c6862542f5163b3197bc6;Sigma Supermarket;G2
0d305c3d5236e7261990de428ca39197bd67512765aec92ee947298e644495a1;Edorex Supermarket;G2
8c931d8d361f453b490af6e324679bc89fc10da46f40f67a97e94c65ce489f76;Gamacles Shop;G1
d66379abb909773f3630b4bd2ec205750f17790c86f7df9f4a9febb47cde8347;Racal Store;G2
d564db091d696282edaebffb5d1d21d20fb3660daab18a6b09dc0e77bb803e4b;Crew Superstore;G2
f423fb7c212ebbc64099f93702469ef066322392a3083a923cda6c18eb3aaf0b;Finder Shop;G2
8f7943eabf3df63baaffb841d273b1f28f372d41750f56788bb31fa8d2a3daa7;Target Gigstore;G1
64494096e0d04b4c8efd0a1ca193ee083b47e13967156e2d29bb48d44a4a2050;Ganymede Shop;G2
0e8ebc7758755c5f9efc1c98f3e50b28d1038b418c02983a795ac23abff7dcbb;Gemini Supermarket;G2
4137909a653c41a6db04484e8b02d9d71d07e3c1181de67179204f5bbf857d46;Renaissance Supermarket;G3
81969d81abd8864159a3ebb5aa808e59e8cf6da601081acb982e3d7c2996ce53;PADL Shop;G2
8799f82fc73c5e6be3f5a00a785e04e7160921fb1033e73daa6db07c9ae69116;Harte-Hanks Market;G2
86274a7ccb1e1d4466acde9d9bee7148497cad9bd8de23e1f58225f26a2292ec;Pace Shop;G3
1d26f3db8bdbb285ec93b53d53a807becc4d2a89313439745d7f59436e2b4b97;ACCUCOMP Shop;G3
fc7a65ad591b3cd1c57252cce894c35dfec4863d434df3bea2c1137b8ea2c1d2;ECS Supermarket;G2
4c8e68901ac52859ccccc026c2828674103deab3b6638f881f54e603c5fd7607;CAM Market;G2
4af74792f8d875797f1aad9162b613b34f37e7a74ac065f972d4c0d5bdb92769;RC Market;G2
f06cd555f7e105fe547a398c5fe9c44e4b8de744cc5bee0c91d2d8a4f81b54ba;Venable Shop;G2
73fbe4f8554d93c5eaf37aefe6c2f21f354f28451b37db061b0388446a7eb3be;Data Supermarket;G1
ea44e278808aa1a53c344f2762d34e1a4f6e7f7770948025471449c33cbb0177;Bendix Store;G1
8ad43a6ea4180cf7e262c1488d6028b5bc03aaa63bdbb3c9708c82eefc990367;Onetouch Supermarket;G2
fdbb4c771018a454fdfb654dc75a4c3b832b67c0bbf1cbd29f5a4556e1c54016;SAS Supermarket;G1
bc8d458a51b373e605339d08c2e4097d7a72c0f3fb88488c184cf5c731a8f9e1;Todd Supermarket;G3
e0a08c4dcfb02bd83c1f14eec271ecc5c22ab4adc35acc068c4ca038484eca01;activeDesign Shop;G2
ca4d29b4e14657b8435c7f9e650ccb37598d279cd8ecbe91e5abdf92bc9ccfa2;UTStarGate Shop;G2
1ecea0652a44700df8a8193d710c50d4b9bee833c736ccc8a6363318520aa8f7;AboveNet Shop;G2
6fab71ae5177e1edda55d945577b8c3aec3191d2968db683ce48d574ec59163e;Tanager Shop;G2
b14f45e5cdc36f0c33633d9d9d2454481ffa2a3294a018df9812ca6fe2acdc8a;Brinco Store;G2
e7b85975fc13d95814ab8cd18c53a134c3fb88a464dfbfa69ed3c361c0adb268;WBM Store;G2
bc01f8650fc160ad304e7944a6ac0a46f391e6cdabd5b9bb34b7176d25be3a61;United Market;G3
37ea1cb9f93a6c616a0d6ab3826e30a104a91b099230f361d4a65cd51ffd2676;Unimedya Shop;G3
1eb35427686d111df384bffce3a36aa801a7ee390e15731e25149f08442d651e;Quantum Shop;G1
e65f4c3610c8571bcb8850ef7537a0b3071768d4a61bfdfcd89799023306d315;TargetedListings Shop;G2
2d2d3f4735a1bfc337a91f88ec365b3eb25be6ab76191c9ac204434a627f3116;Team Supermarket;G2
1f74b731fd0e61b34b80b7b173d30de5252fb46902af17f224032fd7f6b427ef;Pathlight Market;G2
9d14ca2ed62ff9a4021458d35fd466b014e4f7072399c053aab7176c42e8a63b;Page Market;G2
011a5abfa52a4346a38160924a946a4405f300aec92e20080e3fd057d0a3a04c;Dan Store;G2
37a4d1ab592c0fe8cc8abada00bbf6498d367cc3b795ccff051db056cf0c5982;Lee Megastore;G2
c67234ffdc80a3e223b23336a9625ddfa9817b249667de77beae04ed24b8ccd5;WDND Shop;G2
94ee67f93d76158f4c4910c6e188d278346203212187e2ba76b03ceaca4ad949;Scottish Supermarket;G2
dbd5a7eb417f9acddce52c9981758523f1d9542e0dbb9d5242b27cd494392067;VA Supermarket;G2
3886f08f271595af8ab303982ef1da08334fb6806741f8c4fd4ed091aee7d55a;Beckman Market;G2
2785bbf233ddd8f5a6c5bb5940c6f892ac27132991c5b09f6ed5c2af233cc156;Bien Supermarket;G2
80f20dc9bdad4c8bfe5840c9a513e4801e519f71d5c4cd558bd23724da427eb1;Eloi Supermarket;G2
e6128cca22980dfaaab9f13cadeed0ad1809ce33d56bf6b2c08c650ef43692a5;FIND/SVP Shop;G2
54c4bd0cd0b6f14af9d52ba830dc515f346eeae7035e996a2608901194e6f993;Hekimian Store;G3
3dfa33dd7efdd89d1e7992dae00383d4f6169a2aa7609aab4588408a5a2be803;Ra Maxistore;G2
74e2f8ea642c38a412872754af98ae67ed0e6c70e7b874469f54bde635b9adfd;Heurikon Shop;G2
3c11f98ef0a524334b695b271a72c60936bdb69d510a1397d29aa098cf8101ec;Bechtel Supermarket;G2
56361d59ddd7682c62932eee32b87a4a0921447b2b70017c2bfcab8fd38b1002;UniPress Shop;G2
8ec01167225f206130347b3c4d00c6ad99708744a1afc82afa5b4e92ace4cf94;MaxBan Shop;G2
4193779e3f3fe54911c221e7744197e4935c4799dd98cea03428ac7068719c1e;Fibronics Shop;G2
b91e770220abd7536a698a57b1dcb9b0d3ba2ae5b4f1a08989da0901364374b3;Litton Supermarket;G2
525d17917e84afd3c3c53a41a118e9860582194edac993201ad29ee5b0f4f646;Panzl Shop;G2
5e3cb5c75d204bd985fe61b6495092bb9dc5e559ac76d8a18ffe3f0b9e1b03cd;Debenhams Supermarket;G2
c8693414a97142449f5945cbae73d8786eba99835e88786c88aa73a889fcfb45;Greymac Trust Company;G2
16cbb83767728ea8b3aac84434ea8805e82bfb4e972ced469fca1fc765587d16;Fimetrics Supermarket;G3
9a9c974feab08f40748405d4ef3b972eeef1539ade1830cca99df7fda49d8675;Edia Shop;G3
e2518da5e66e142e668a6f0e209fe837863658c341bd7eb407ba8b913c8b6a68;FiberPlex Shop;G1
01d8cc5c6972ac9460c60e6ea9a587e78b14a148078f4cebc4ba703f3e435b8b;K Supermarket;G2
45c488121489d43574dc708682f1b6dca78923709a7d9cf1d089256fbb3ff294;Cajun Shop;G2
ee69151b38786eddb489e2f5c1c0bc51780050caa7098107cfd7d2a868f8c7d0;Emergent Shop;G2
6c758551b92edaf3eea73b13c691fd41dea02b2514fe4df4466b7791ad325ea3;EDC Supermarket;G3
c244ef426935fc717db4ff8d2dac50dc908457dcdedbccecf2d6b21070c89d7e;Kimball Supermarket;G2
5c471be02363feef2f2285d09d986e76452cbf406b605b545a64154cd7ea0c14;Telus Store;G2
16fbec2f4f7cbd4c6619e83369cec3d712935312777867467140c81136be34e0;Revnet Market;G2
a424f947643ebe374952075664d61299469021cf1d5c3add8ccd35b606808d1d;ACRON Shop;G3
9acedf80fd13cdda0f3a0ef80593abdb31ef45b76e85e2ac78b88f4b34ae32f7;P.C.G. Supermarket;G2
2e9ad630dbc47810e78381a32265d4f9c306d00193bb06b1b0dd205c2701cb4e;Garza Supermarket;G2
52515a7a566a12f12f5f56ed1456aaefb8bb503e9bfdba6e4994c8196ecaf996;J.M. Supermarket;G3
74f9593d2f6fe9d322be00c507689953ba378a0c590acf7c496f0f3af0367b8c;Big Store;G2
cb28df4cdef5c729d7a9527297686c2b00cb2674d3e243546d9dd6576480d3f7;Screen Supermarket;G1
49c825df3f2c2603a4cf3097d5abf790e72451294ad0a3ca2ab310f1ec39042f;Kabbalah Shop;G2
aeac64d13e2509256fe0dabe6d45c2aa5330a9b87f2ea5e22e30b9bd5fa7b6cd;Toledo Market;G2
a80c835729a56118a8c86cbc7bb4d9e776e29d5ed1ab2d094a5807f174e13b14;J.M. Market;G1
9ed77a777459b80fc2765842af0f06403ea5efbd1dc1959e16e2cc08cd8b54cb;Overdreams Shop;G2
8c3bf1610bd67346e0400439f039f8fc3fc3aa2bf9e053a7b36c5e3fd3b78d41;Relcom Shop;G2
096a04dc5395b92f88f63f319f5ab70aca065e2feecd1c53ff74d44f273e75e7;Cam-Built Supermarket;G2
a5e3d0f7c3b05c8ed7848eaa69f781519bc4649dd62fceab533c5d50a29c4c9b;UniForum Shop;G2
06ae0389e4c7b8c355cf491f799440fbe00b422296b1d40468e1fa89e54abbd7;GEAR Shop;G2
45622f0f3879b7d32008d575282bdb73628afae8308611f898a19c9aff5c7d70;Trend Market;G2
70f8f4890047443ffcd576bf6f4d7cb1d6697aed8ce6bae737bb0cdfbd3a2195;Fenwick Supermarket;G2
f0f4c17d26a9923990c16aafab8254c4a2f8f4d37baaffd4cc8ff6a2242258c7;OutPost Market;G2
7cb92a067e0598ee9a77b4b5471f7c5133e1755d61a6df051a27940e5ffa1d44;Quantum Supermarket;G3
0a66b59059cda0d4f9c0b91bcb60be611802040301c410d74e2f8ff27a7819e5;Markets;G1
00cc00f704f56bd84d5c1238dbe9ed11bfeeadae4af4d5bdab4b337f13246700;Gailey Market;G2
b757e352b9de32262cd6edacd14810e193465182fd0b14d35ca9ef1d9b75383b;UBF Shop;G2
eecdd07ef2d4471095cf6cfa7fe6fdda5841086a411a1e2649ba8658b001cf9f;QualServe Shop;G2
d6edd0dc8958e528f2d61b39fd3e6090ca1498a5b1f46a25dd479ca2a9c8ea52;Beech Supermarket;G2
0c74fe3804e06c2f0c8bd11c39bc5f7ea92445c0d6cf815a56e15884cec8cc3c;Bell Store;G1
540aa2853f6dcde65d94244b6675c2778b8d394a59a87114cfd08c00ceb1beab;LMAO superplace;G2
d54b4e34fa99231799961a54e1134cb812af2f3d8634ca74324777336bd5a583;Matradi Megastore;G2
efffb38c6c7922184f1a913a2f1f05f288a1204e21d8788c1e43476870d41694;Felidae Enterprises;G2
d8e00565f85025503f57e9446a1194708ff84622ceb875427e909598bea71006;Federal Supermarket;G3
58b6658e419c2c161373e8e7648beb16b497eb8c4b8b5230a09bf18b66b630a3;GURUs Shop;G2
28ec4c1da1c2d9de524aa5c309c8388ec3d64f02894a853eb41253420c619b55;Panix Shop;G2
a1837b142a002cbf0c702c3117dbdc4df5ed68d6ebdd4d9c04c4a66f01e131f3;Canter Shop;G2
17869581082c50abd5134bdc7fe0acc65709e9d1e45d09b54436d3274839ae5a;Hershey Supermarket;G2
65ab03c6afc14e9540c3176a00a60af896691d1fe3522762624d4c9701d78617;Ethyl Store;G2
740d74f320ff0f9e9768e9419d3b2cca412aceb6582e88583d4865a99fa51c9d;RC Shop;G2
6fa26552d5f121c15aef2fe6ac9fe6c4e601c1f65187134fae590a28ff259b1a;Farr Market;G2
9077148a2affa94d16af3aed4ca0cc573caf08a766b33b46cac4979d671ebf18;Absolute Supermarket;G3
bd771f566f925e9b4b89cc8460b8431d4d412328f812b4eb62c937736c4ee2d6;Tartanchase Shop;G1
021bdb8fbd1cf68a23c16c527c5183db8a3b5927f305e7a56c60f5301d3bcf3d;ZipLip.Com Shop;G2
51e3df53f8109b18a7a0c19ff8c2cd5bcdfc9229927f7946f099b4b902b6d964;Dayton Supermarket;G2
30740b3bb8c546cc0cfb1f9740270c2ea85c27683d31d3b68bae617ee45254fb;Brentano's Shop;G2
655eb090aebda711a181495d38d73e35ecaf72871932e583b6394390dca76c9f;BF Supermarket;G2
78346f258d10012cfaded2caf21121c7f1e7d7341999fc0befd380f8bfec2271;East Shop;G2
fec662d27b19743e110ea3cdc57b1e782097df06011258f2ae315df3e1f348ba;Ravenwerks Shop;G3
eb5670bdcabfb07dadc06f179a33ddef92f3ccf8012db9d6560352e5bec073bf;ActivCard Shop;G1
76cf017119c7768d7aa9e12d033eebdf114bef382274a3b32916357c2d011184;Parabole Shop;G3
8402d246e29ee0308d679f470df759294ae0aa7007d32e1f4e2716d995878b97;iBEAM Shop;G1
5c7eb0a44031311c01853f16b7d728050483c80a63b1282c9e90316699b6c2c7;AccessWare Shop;G1
bb5c08f42273913d03d66b995ffdc3db0a0dc080248ccfe7493e7d048d7e2ae8;Acsior Shop;G1
8a9dea899b3301ab25c89f3ad15c99799728c0835c80696ee01ff688c4b531e1;Camros Shop;G1
1a38bd701d3439e5c69584e4ba9b7d43350a5da73ebdea7b83464e2eb8746216;Valpatken Shop;G2
cf5333d668ae6a051a7972ac4eed9f5ec26b67a9c89e508206f5db18a9c53b10;Borden Supermarket;G2
132cfef44ca0bfb731ab5689aebe5a398adf09e3d6893d98f877b568ebf1bd18;C3 Supermarket;G2
0d1a619ae55db23f3fc5dcc13cee59e87d606eb8dbadff8a4fe4d47567df4fe7;Diss Gigastore;G2
f1acacea484d6d1b7dc65512dacc4c4ae36ebb56a516b8d38305f79690938ce0;Packard Supermarket;G2
832c3b9204b7359e6059ef42a5a06d6228a405297ee9f8a5131b15574678f81b;High Store;G2
d235b0d8539b57043f7179739d68750992980ca17de169bea98a00637bcba60a;C3I Shop;G2
81916f2811885ed5f66af525f83b2741db656944fc4ba9e943c6d96307225b3f;Finest Supermarket;G2
ff5694ec931cfa953b6cdf144b28e20422cc63dee745eef16eb5ceceed5e1f21;Bens Megaplace;G2
4b89739c276dd535164cafb71f8b7e7aea41ed9960a9d5e9c06499f73712d00c;Meals Market;G2
e747cf873005d2ae9088b5c5cb08bb3d84b994d5205a94be135009a98cf0df4b;DDR Shop;G2
9327fb9c8124a1c0567ab2677a26cfa0a5c810b296bac24a3f3db6d7d90beccc;Karickal Store;G1
ed2d86c865549be36b6e28b9b4d23f6e297aa9231e44d653694881a0d8749754;Accrue Shop;G2
ca17601f1c5dfe2d7e2cd0c8ca5fc7e2305a69e62fee7dc314e0de64ef6d29bd;Accton Shop;G2
d089296d5cdb98914cf0f7acfad8b59d97bac8788858bdb96955e579ca97504c;Underwriters Supermarket;G2
5ff2478e6c8a61e5194600c2016d9e1e6825d3b533c5a80599aa9c0296344b7c;Kensington Market;G2
aaf3f25dd25ffbb6c13faf5235ce73a8c8bab6325aa23a0e6fa55dd54f884d62;Zentrum Market;G2
04773f1419933906ee1f76ad92b628c605a7cf2749d40c611c17e77cd1212a7d;Unisys Supermarket;G2
85ac0d81736ae6051b59d390289a6615a779ebfa9c2c56d4f72b3e9afa2dcf6d;Stone Supermarket;G2
5c8e37c29be4e0ce3e5065da7daad4197695ed6f99e66fca26a430f823778f05;DCP Supermarket;G3
e7cf14e387c83dd916686a3f8db9d38a3c565427042782eba0cbae6595a2383f;Gehlken Supermarket;G2
0f89d1f21e4394a0d38ed48e772b62b03ce2e4dad2bef3a13d59f7ad25bdc068;Total Store;G2
461a1777fbca7fc3bb47e7198479fd370537088d660df81ca0678d882a5852af;Page Store;G3
42641e4164476a961ffa2461e2ec991d77ee0a4a2434c45c111759258f84a6da;Livermore Store;G2
69f607c29a9848c5de9fea705260e2788583a0033844f016c3bf011de9b63269;Pacific Supermarket;G3
fed1bea5f6ec315bfb344a914417cdffd0d4a9aae83b5e9b4dc57e9ac0b594b8;HBS Shop;G1
fcf83b672ebb0204a2804b1360ac3cfe94d054fc19a65678839967c086db7e3f;ScotGold Market;G2
815aaffdaa90f04a2bef6abe96ce6bcc6e81109ae1370a7a3c8034d0ec26e64c;One Store;G2
184772a46162478ef05a347a2304cbc1024c0e2f64c21e4fcd7cb686e377a523;Joy Supermarket;G1
0ac514a5b71122825725e2b15bc71b35d8427fe902b960b354a734c927638471;VEI Shop;G2
937d9c7a393717b5a91d2579135c6bed041c6d9d70bc83faeafe00e40e776f0b;FCS Shop;G2
64c52c05ac22f81449b3dd1df25bebb081b54359790ab3343c8c6ae85875d293;DCS Market;G2
eb05927b998863f01d5d898efeff40eee0c7001f9d098d2e484e68762ac91474;Edify Shop;G2
1ca83d67953c9db7f93b4195cd6d2fca06ef1851bd8255cc075b683d85351425;ComeStore;G1
3ac73a59580ae499b4f6bbe32dc5fb2b4b5ae41f3d4f646c7e06fbe0dac66062;KAT Store;G1
9e29d4714094dd20fadda5a0dded84d24bcb4cba5148deb684a04ab7df3e9251;Bibb Store;G2
a8c762e0e3e1fe36b31126082aae4283797536730c6bc8f53e9bf7c34567733c;Fills;G2
6db5c85986089650a3dcca93f76a328405135e71455542812077043bf5997383;Tampere Shop;G2
08940fb9c173920297f62b27e8c9e3efe9bff43b5d832833e5537616e683a300;Pinnacle Store;G2
5152ebf59f92be6488dec3860d025607695de6b23273d8a334e785df59845103;Southwire Store;G2
e2d9bf23252a7524ee104d913e0289082d9f14a28f2695eaf6cf68e245ef549c;Galaxy Supermarket;G2
e9a8d46f94a6960bc5734ecacf15518e7f94b53c0351367223a387e92800f05d;Rave Supermarket;G2
26af06066e24ee360fedd0ed9f9c4a7cd26362ffedd7148c3d2b6de0cbc32e28;Gulf Market;G2
5697460f1125722a560344ea732a107e5adb634765a48b52e5f9d4eecfc22df4;XCOM Shop;G2
04fd2dbcef5b009f4d1332cf700632f77b5cf6bd7d64eb2ca0207fa6f0e2526f;Brazilian Supermarket;G2
b92d1c72e6a3e337cd403432c6a61f44a457d6846997a9259a1671360538e42a;Gartner Supermarket;G2
0ff736a657e2fd51ee91d695d6eebe1aab0a55dd69814ecce6259ec3ed93336f;PageBoy Shop;G2
dcd967e208a1969f1dce1c6644eecb94d133f3bf0b234bc961859f67cdc6ab74;Outsource Store;G2
bf912cfccc65c538984815439e0a1841dec978fb6b1d2d5a784e4b5b7363b938;Filene? Shop;G2
0c9a7c48fbb26372829546fa98d6247078c4e64241520ad8e0e94922ef0bb81a;Jones Stores;G1
27c86e38cefbea2481775b5e3dd7dbba6b92db6612f48e78b0f45308fb142eaf;Fokas Midstore;G2
a2745bd41fe12818ef69e6284f690b323ed8845f50f764f67260e060a8d5c613;United Market;G2
9b321289696c6d47b8b42504587f77939c4d96816df2acb94b78030affcfbf10;A-ARVIN Store;G2
f7fbe0f960990e2e934005d528204232fea537945841c2c22e55980040a102ab;Labatt Supermarket;G2
4d549b0c8d57db66cdc07755c496ef3cf014528952c7b46f159475582cdac42a;K&M Supermarket;G2
d9303901460e7438027b31fb8c9029d8747114fd397e318d0b858faef85ccc51;ediSys Shop;G2
ca1c402d48106d1b0160f7b29c4c96650db25f1dd826e50df2182784d5875628;High Supermarket;G2
b9219352d3d780946bf3d44b347b77b62357cccb3531e23c7f6bcdb7192148c4;LiveWORLD Shop;G2
f35d351d1203fbca1df43e8d56ef021b9e4b52da6ab5228a2958c650e5ffe7c0;A&B Shop;G3
88908f09b5068d6c4df1a754fef5f56c3f63bf4fa7ef0a7e3ff9d42c093308a0;C&C Shop;G2
d0a1d7c0484789388f019039bfe34bb2f40bf926f27fb4309b0b5c3258627d26;Gainunion Shop;G2
aefd4fbc7bcc3aab5fdd3d5ee1b37bad22d9275bbfc626384e5ddd08f9f97437;Kellys Gigastore;G2
dc33581dd8d75fe71efe5838b57f552959d0eb59feb19884c4003b6091fab4ea;Sagent Shop;G2
2eacb59d5be0476880f83664607beeb9f0f5d28bec2789c9c6a5cbee4eaeeb3b;TransCanada Store;G2
698eb7de8e4170a4769ab16fe6411e2622cbb5c64a8a7010e95efa2560c100c1;Idyll Store;G3
f70071c86ff1bb62e180b4e3cba362c0c9947c268bf565c7fd4d9ecf42c29a06;Quallaby Megaplace;G1
2caf5dcab373cbeb0fc18e57beaa1f9be4b3557a65eea82afbae766f426839b0;Edmark Shop;G1
afb47703ed6e106b6e76e8a21095cffe517d4be3d2c6f4a73d9342156f8125ae;ABI Supermarket;G1
57a67517bb597b426d73f54af0d81e8de80192d10f37037700f511eb3f77db04;ACS Shop;G2
977c15590b449b2850ddde68b3f077122379a18f9e1b82b10d8e9b213ce7e956;Screen Supermarket;G2
5d6778b9bec3acd7d5db99786c1e7cea0b93cbafbcaa87e0373aa4aa95a9fbc8;zNET Shop;G2
99461d0c85d103cdd99158055c28d5287989498eaeadb76751c1a70f31f0e4ed;Ad Supermarket;G1
f089e0fe2389fff0261b4d51485e95bf6e1bced6abbef2442d02db716a7e5ec8;Big Supermarket;G2
b3aea53510a0f53bc156a8b8d7ea449fa0ebf685402565e205606ebdd5b119ce;Pallister Supermarket;G2
31c6d9346b67f6216f769e487155a3411f2809402cffb534b62203d63ea829db;Tredegar Market;G2
0687cf6fe88e3a96965ec2d22a06aaa5b0bbba2f6f61f58d00a19a01c0493814;T3West Shop;G3
ef423d85d1b97b54f8ac1460882d6817d2e79401e5f342739d1ea55daf8eeccb;Access Store;G1
6e4449aa821186848496aad613a64c809d0e81cf89e9a237208c5f94729cfb33;A Supermarket;G1
c9b40697f0de27ca48b4eede734b0cd6a949b82e81d055c43b2bc2095ce1e32b;iLanguage Shop;G2
d28563e818f6fc542878e53d1a7a9ff9cdf619326340e7fa9b591acf66b223c4;Wasabi Shop;G1
384ffa8fcb541d51bc94a99985ab03b64b298e308b44f985ac231281fd0d46fb;Xcert Shop;G1
68965606682e34792faf1948f4ab09bfd73295e475b11e2daab44e1a46e8d1aa;Bezeq Shop;G1
b368e8053db84e3d07f60dc4a215e01581962cbb38e3c402b017900185048417;Papyrus Supermarket;G2
e57c07205379052639b8f30281db0582da4a3cd001d3377224172c3c22b30b40;Healtheon Shop;G2
908b91f039c44ad955ed1585e6c01f173305bd4295e928172fc3755abb778f54;U.S. Market;G3
5dfa78299989a9c04d22355fdccdcd574d999ab91c6812442dda7df663491d6b;Userland Maxistore;G2
d643540f33d3d0d0fe239137e9e8ac340576043a42742a30c42644ce418a28c3;HarveyOpolis Shop;G1
a69058be3e72eb19dd51db63c8877f0fd3ea50aa824c2a929d86549077d47b24;Kerite Company;G2
8266d0b843650a141c82343ad9ab3a75856684cf13313aeea569cc36142b1106;Aaron Supermarket;G2
1184565723a5ea8c4de8d40696ac1018df85fa1d115efb96af5e75b07ccfaba5;Soloman Market;G2
9f5ead772c20643fe73cde1dfcb8e1fe41bbbacbab847ac8de67e649dd74f13d;Road Warriors;G2
f3e240a53937428692d3fd7fc054405ce57712e22d36a734266aeaeefd77285f;Homestead Market;G3
66e45fc640d3ab7528b7b5b820a08c98438372e9c94539794f2c4357c1493b20;Pacific Supermarket;G2
4f5f063129c236226a4737b555edbb1c4c43dd8495c4c570064a2e39ac564aca;Ilog Shop;G2
35fb90609e1da45769fe5ddd02e1290a074eda6b6850cf599bb1464dddb1060e;Berkeley Supermarket;G2
5f68a2144cc5a5b1962a809454f62494248445b6897285c627ed40c291cb5b74;Team Supermarket;G3
803a2f3fd1e128a9e02a4b8ad1408b50f7af0e0eee1ce63f143bdeff5eb845bd;NECX Market;G2
43bb6c33bcc6834773465e4549695b41cf3dc28dd2e60d252df1687ef6874f73;Real Supermarket;G1
5ea5885da1cabb7c52543f912e01dd1de1ea3911e3f3f15f97fb5db43c02c18d;ACES Supermarket;G1
3654c1d4f8371f1b352e90ef3d635988b150e1fbc9b595738b6e9f69b77c46ed;Lewis Supermarket;G2
f3c23ec82fe9470275ae026d4ff3f123bb4efba31f3093a066456d0b072a9919;Molson Store;G2
bdf83036113e03ce2ccab597525f341f657291e482f07b6fba93df2b4d0d7194;Vectrix Shop;G1
e3c08b1d77bf3a9ad911ac8a7f569ca28b8b410830a5abf64b5858123d32aeb8;GDC Shop;G2
7a4a3355ca2766aa50337ade2b966a1f3add7b3faf862c0af00ed452bce7ad52;EMC Shop;G2
de1ac37c4dbf073ca4ea31dc6e0322adb63ea4df51e12088b0989d24436873b0;Kaim Supermarket;G2
e4d2592b837a634210bcd1eb6a30bd4b2ff41f6ca78745276fcd373444fa2b64;Unitec Maxistore;G2
f3e6110ae691272dc4db7d1227759fe86323dcf4bd2c72713a2a0e5f8b39b7a9;Safe Shop;G1
e000956e22310b0ef72c391c49043d6325037682e2fe0c70aaab0f0bdd35b66f;Taroch Mexistore;G1
7e4bdbd29ad79db3bec26f0828c5fe710e98a8835415df1eadcb4602ba284e1d;Pacel Shop;G2
5cd221fbe55d1443c509b4df7b808d10d26ad2be738e6dc5297f8d71364754c2;BH Supermarket;G2
7eae30ff16f46fe529f01f4fa681ef9beda23e38c57cfc8c4126ffa422c7a19b;Caprica Supermarket;G2
a211bcfc0a2452cde5b881c35b421b95d06758f2923cff832a12e4f6d1b8c133;Harvard Supermarket;G2
038f8e33ab7084020413569740460850e88d3ffd7c620ad603c4be2a89ee0602;Your Market;G2
5fa28328c5629213372b67381f55742050a40d67215f86fa54b1d32c5317b175;ACS Market;G2
2f35f3cd7933bb58331287f5f18b90d54c1391c3d96bb9640460b3c64d64bb5b;Ultra-Image Shop;G2
714e7fc80b2e7b270c5355e674b447d72c87f9ad02e1abbe2ed500240954568d;OnDeck Store;G2
4e0d586948451765875cc5ac98cf587111823d655671c4135fd8debb2df7e0b2;Finishing Shop;G2
c3af7fb8ebe54f1432af1dceae720faff8877db2d9d5eadb7ecffa67098cae3a;Picka Superstore;G2
b4b562d7b70fc4acb2abf5bd58a0c5cf7c6832834f2cf858fb6aecfc77cba83f;Warsun Supermarket;G2
cf8b603abf737724e8529b167ec1cb99b4152bcccac137b879b967dea99e4ab6;Maui Store;G2
d1efd0cbd5ce3f36c1af813e6e86bddce39a08daa5f787d9d01fa79258fad606;Rdlabs Shop;G1
fc2ca21f0e29e346bde2706f20641105636dace2b3639d57563b619a25f8e78b;Kari Supermarket;G2
aa973a743e9f9b2aae8b70b437c25a9f2fbb1bacd7934866ab1a53b78d22bda3;SASCO Store;G2
d2f591be46c21bbe3e50c8fa082503973f051a86c78ebc7b403ceef57696032f;CAF Market;G2
8488b6704b7c84f345695713991c8a4f3d4c57a7896e6a27dc515d51e62861e3;ySecret Shop;G3
5db3e309fd4f924ff2103089bc8c758c8935755513599c64ad82887054697b79;C.O.F. Shop;G2
d06e0ac3f1380acf1e13ce565c524e1f3437ecc132b4ec5f927982691dbd59d1;Karsings;G2
5935253cf6b11cc92a161fc89bc9e9d242e10db44cad662534b1f34f5daf5f4b;Helius Shop;G2
f3a7e59a096639027af71642ffa437c4eaec239f5a8022c6a1ac368d1497bdfa;Gamma Supermarket;G2
463272cb65ef62958dcbf488a2c42e6e6b9ddfd64c8cec7f204290c81f3f44db;GateMaster Shop;G2
25d6571dd3bb0e2d78a96760ecd1f41c279ad2d3d19c65f76aca93702d4efb84;Acer Superstore;G3
bd956ada1935a6c50c9b7a465f6f73b876986ae373942744d8d92afee3913368;ACT Supermarket;G2
cc3fa146e20ceb3f74aaaa302be881bfedace35111ca25c83e326385d7ffb0a8;Central Supermarket;G2
c8eee37dc5c153bcec83155dd9cf5d01ed56619e2bf7b8ad0fb4850b4c41015e;McGraw-Hill Supermarket;G2
bd9defc4a3fd1d78d65c3e3a0e562e35c1a8a7c036e904cd4404c48d0bd93b21;Hegemony Shop;G2
f02cddaa47f1f04fe231d54cf733f4fb6947f6f1d899bfcfba3cc70c520a688a;Hennings;G2
3baa331ac91892c86e9f756259f91769e8f0bb4eaf07877098fcc05d21f542b1;IBEX Shop;G2
14f497b4e3f3f5e6ad06f3bfb5151f56389f29cad8f64859980f4ecccfaf6300;Harvey Shop;G2
0972507cb49ab041aa435632e0976b331fc03b51162c221b8a33ea9b7cc4bd3d;Savetz Store;G2
505180ef13dfe94f06af5f17f492134dd31cb3bfc182fd80e915aec844ba0b4a;Bre-X Shop;G1
a900b52fb782824937ba0e05db3ee0a3b306d7dd51bb44b2e498d7353d31f510;Reuters Supermarket;G2
757153b3ba0a69dfff0ba5a40151e854bcaf315a32ca1863d0420726b1967e31;HCHS Shop;G2
97a38b02b9f823822d555369690e8ca4b63857fcb3efd3223a9229595c517387;Take Supermarket;G1
7d2539d2e1143fddb544d130d7397a710c594d9e9031e896764d3d460da3568d;Laker Market;G2
37115cb2a6a21bff329c2cb5664c9e545c8a327728fcc64e73425cea015688e5;Southam Supermarket;G2
9b17f04295a638d8d07ce70b94e6c2b914c1411a0cb3e665c875baaec5d626f0;Satyam Shop;G2
0cff956d23c5e1ea397d2c894254714ed5bf942e18f65a280132f143acceec64;C Market;G2
d5d35f9c64a671295d117b07d8e465ccedbfb4f54c19b71d74d2017f3e35e7ee;Radio Market;G2
de5f093765eae351accab50ff87d5b4b03158ad65ec30d953fcd8653e65a0fe5;RKS Shop;G2
64a0a28b469b96bf32ef3afeda874c13a434f61be1a92c9495b6a6de69e3c7b2;Del Supermarket;G2
ed7a660c5d568f7f4956e80f8c02ffab7922ffc1018a74a3c30177ba30ed613a;Talkland Shop;G1
f4bbca05963e0a14f0017f0a1486e38b8c05c277be554c3df2bdd16e1fa9e99a;Fifth Supermarket;G3
707cd70deaf99ba6c2a72edd099a6281b9549df9eaa3d9d3977d09b7fa7d4213;DEAC Shop;G2
3c505efd07b618b17497d888f2c7d21b151fd4d8cb59e5ca97c2863dc9e3e6a2;A1 Store;G3
233dc89973dee02aa8b055f1f69397a4ec41958dfc24c22231eec1268451f2b4;Mb Market;G1
d6a53d57c50b7b08536d31f330a49782f4ba15922a1d8542329209d25cb58ed2;DCS Store;G2
3967de1aa183a92a74cfcb8838ebe72f52b2c06f4ed50d3cb5d19f380f7375cd;Tag Supermarket;G2
0f28e896d1a445d39f2828dba9891f5be2a34bd2b7df10d234620704c7328dda;K.C. Supermarket;G2
cc869a56168288d6416307a51cee9a2f654157755a3952a8ebc21b0d2d967c50;Pacific Store;G3
d79ee583fbe303cb271926c265991a68c388a4877ac262bedfdfdd56f6067f8c;G.R. Supermarket;G1
5fecd6e5a12e44ded598ff1d7181274d98c2c1c37ac16bec2bef9dc2fd48b971;DC-Works Shop;G2
44153b9c2a52128a99f8bbcfaed28e4643eb18eb31cb1972c0ad3dde2f37b135;AccuLAN Shop;G2
232e13a13cda00343a27975d040cc556040d7088666e88320df4038c82226ee9;Miles Supermarket;G2
2231bf292da1cf46b5c3a63f9e7b1e064e7c6ea4aee3c231d966e4345604fd52;edit.nl Shop;G2
2f9d2471ab54f45bfd69aa1240f6b55411b771c77d747f80063d0eab552e73f9;Associates Shop;G1
ac01904cf6635aa3a0a043d84df98732b7b2c83b4bbdd9bed79a1f78333ca1f1;KeyComm Shop;G2
e9beb3d642affb7be47303b76f60ab47dd9ec131575bc46407abdfcd0959c2e1;Texasgulf Market;G2
7b88b31bf9f0840127b1649c1b71210a6e35de5ff8a66a7024ea319ac9301bf8;Biz-comm Shop;G1
69a19466f3263a1e81631561bdeb92a79790f2a54b431fa55fb5c6135284b589;NBTel Shop;G2
e4b7d4f30f00359f4891bacd762ce73808e0bbf4d20e14d3fc669678c3f25717;Valicert Midstore;G2
0954e1a2be375d1ede7b40037957add25ebe7a436f4bcf2bfdc4af5f2ab0932a;Helios Shop;G2
82b10628b1c945cd888b604afc83990c521eb5d06209fd709265db23b4ecd0c0;PacificServ Shop;G2
8ab4f10a5769e60d6bd27d72b96617e3d4724742718f67606e2ccbc7500c65cd;PageSites Shop;G2
96f9ef85c924283188871175286cb00bb365390ed851a7b3a51a691766140e40;Ace Market;G2
3762e8e4ed1edbdfb9c2c07e422da61c26d82564230a0c92ab64e79a73fd64f1;Razorfish Shop;G2
f3d14472bc812c241450ff3c0a5d386ecd724e7f520d1b292cfee486d1edc6c7;Garbee Supermarket;G3
b8c5be79b125f09faa5be71471eed3d398f5cec1c2764f453220c2448a9a345d;Zero-Knowledge Supermarket;G2
8fb4e307b15b2ac55db3c4bdbc1b20e5f6c7dd79bd868bd1de5e9b939eb015f0;EDP Shop;G2
4278f1436ae174cfe501a3ebbac0f980d0460bd81a67ad272ae9a52fb2e821b7;Onestar Shop;G2
98e4cd69ea0f10ee803eacc5ae62ba75290e2db04cb9893191c2432cabf4b583;C Supermarket;G2
7287e1fb5517bcc0ccae3764c9a414a4c2a39b3264c36d0d2cfa69b74a30efd9;Idyllwild Shop;G2
3d21b0b3b1ad8a500ee4091aec3970b2df60762d23a50386a10729a5a777cf16;Pacific Gigaplace;G1
45636d9e813238e78fc9cf04852bb9bd7e9b30eca8b0dff57f89f65098ce7beb;J.A. Supermarket;G1
59ddd59a4f3ea3657bcba9480c741dff0da2e7afc31c29ef0331b826844685e4;ActionWorld Shop;G2
939db42583d712d9f0f9453e8f3f75da3560860107eca23afc71d2c5f34e9787;Scientific Supermarket;G2
71b3356f58d6d777ac9105bf38c25b0d9fa11456f87c46743a757efe7b2d060c;Southern Supermarket;G2
5526ceaf601acff14f19871abf2274e5290dc51e68eeed78b0c3aade51ae00b0;Zero Market;G2
1ee698a9999e057043c742016f778dcb388432b2f0cafd518e349f8f56e1b6a9;Salamander Supermarket;G2
1301cf24f12628e208238a5920c22fef08a03c109e9e5c6119704259a4bf66b1;ECI Supermarket;G2
92cb675ae37bd434c65c2b6d82a58bb311efa7bd9e39c3f10a69908031375f12;HCS Shop;G2
59b57cb912ab9c3749cc5c3be5278ed21caab6c8775b6aa66b3689a93122215f;Systems Store;G1
1cdd2989d77e7567f6e4eb27b0e4da79e2d4e77a3fdd092206aa98027ff41924;Big Supermarket;G1
907884da2fa971161732a3f15b595fab80c3406aee577026021f75fc0acd78eb;PagePoint Shop;G2
aa343676ec81f1349b25082d49ab2080c1ca999204a64596114784d9c29dc422;Gatierf Supermarket;G2
9e2283353ba7c54c309579633afc2645e05bf69385bc912f04637aaa7dd07989;Satronix Shop;G2
fb029d68c17795c1c79807248dfa3e02246c7270785991262d8c48a87c08ae47;EDS Shop;G2
29e0851b7d2eadc4480dae00318d19e9645df27e40b0c6998bb54367ad1b5073;R.J. Market;G2
af4231007178119c0250d758d20c2345a19ee1bdd2476b8559085aa5b09320a9;Unisys Shop;G2
d3eccbe717c641288d2092db4833a2dcb4af0a10fe7f2da16a5126e956720bcc;Harbor Store;G1
276d071c579edc779af025477250e24d17047df8138f1bef68651c7c7c03794e;Sage Supermarket;G1
7c228dc04ccc88ccd6506cbd5a45eab1cc24d30a1b392519fd51040fae5dc27c;Time Supermarket;G2
aef4c4c60d555669b594eadedaf0ec39ea3f93bda0122592c713b4053c02a144;Paracel Gigaplace;G2
5f1da8c606ad4e90e09dcc2f045397730a9d75752903bf1c03e6979498514414;Taligent Midstore;G2
6daed987d44e6e15c9ee87658217cfd9e28102687817c7c9443ca7c33d0b0cb6;Cadtex Shop;G1
e639878bc868c52ec007a7f95109ad2157a1ede05c122317a371a138ec9e0d25;TeamStore;G1
d3b55948cb3634570077f65138863120514973b6264a9cfe756028d8e49314a4;Chas Market;G2
3628f2ea51dd1ab01c6da41a4d9cf4cbe4c879433f65f6b3374fbfdc81aa7e67;Aadast Shop;G1
2f2d0bd7230c5489c67f3211053237b5b5b264e88221292cc5232f80f3bf781b;Elbit Market;G2
91b4b8eb556fb5708887a9ad593bb0152fa048c405528df8c85fa0ffd73fe5a5;Abbotsbury Shop;G2
c1eb0276872c9b6367050ea0289f751ca6eb4f4505f8711c81e43513d9e9da86;IBVA Shop;G2
016ca516dcc5021b5401cc15b7017f8d225c5a2cfb126035f739ee39f72a3c1d;Caribian Supermarket;G2
585e71212a4e4ba2a781e97b66133a50a46c7032dc234dfd3e0d02115cc78514;Hetrick Supermarket;G2
0c2d6a77f57f476ca6fe0855b21a356077431ec93f291d8ef190d7fd4afadb07;Home Superstore;G2
33ceea8d7f9c64484f68299be89a0503da2e03ba03aff695290064433346e0f8;Kentucky Supermarket;G2
bbbebda116984b6d23ab78f00242939a57383f95b3cc3a8b3cadd3a5ab37fa9a;Edna Megaplace;G2
e672d336a514653a62b4b66c5e282af669f0019ec5ef3ff2c436b3fa9f9dc0d6;Nematron Shop;G1
4907e155bc9107742c7f54eafaa9b8ef0fe2a1c87652748847ab0e1f793aa142;Taos Supermarket;G2
f649767462c424b51c7adb481cadb961f9a48dd65dcc540e673e77f8e1e805e7;A&R Market;G2
7038315abaa82288262f71b864ef7920da92eb85161f3ee40d0b1168af6acd4e;Koppers Supermarket;G2
d861c524a0279d349a6620ce7e601198643e650556c5bbc83a29966f8ce3b905;Lobster Market;G2
e1d8b0a35438d2117edc3076eeeccb5d18b1f85121a92acbdbd96b5e7b8efc9b;Telesat Supermarket;G2
26bb26b88d13557494c38ae1fc669f05a40721da934a5674eefb4425ef4b3803;Saturnus Supermarket;G2
eaf401d014a3af0f9f4eedfb1b34bd272ea329ccda5cd322897bd6df12d65db3;Equitable Store;G2
2f8686084e0ccc31291faa0889b031c6c437abf41f54c4b284fbda54e23b8ac0;Zeroo Gigastore;G1
a4182ba2ebb15661d4e4688554d1157c2678bf25eba78742d95b7105c6ae74a0;Oki Shop;G1
2883243bbb6a3572d92388dcaa34ce5c5cd8d36a50bf5d3ab340afece9a015c5;Filmotype Shop;G2
d679735e16c38f2cbc0eb89d12c594b1cdab69087ee4484d88fd1fbba21b1f4d;Zilog Shop;G2
0e58d1c67bfc1662b5de82c7913768f23959fe05fa54600d9d4aca8dbd990337;Keystroke Market;G1
40343faaa5a14feff743d32c6a815cb82f0d7ede8b86fada964cdbbef1b2e4d6;Teamaker Shop;G2
b305854ef75e192cb77c5fd3a6fcee0d64230a22e3ea9a23df4dd64658ddebaa;HMR Shop;G2
2eb5598fc68c5d43e8a06c6a3356f12d24c94198afd4b8aae7a7cfad639805b0;CAPCON Shop;G2
0e857a917d7f8c216598b731d1c652b41f3ff0b20cf516d9a1a46995e505eafa;BL Supermarket;G2
2c144a21506b7659e74985328a19106f83880bf18e843d3852d6ddf8e2b5e127;Farmland Supermarket;G2
d8ff8d43abf48d1b3e444ebf82fc0fec0147f18d8b2c1557fd0772cc26ee4e86;Active Store;G2
525132e7788d030428627cdd941577eb1489805989cd64db1bbebb3d8b9d876d;Icon Superstore;G2
85b4c31ab5c55ee4c1384e3f33b0910337ff91fff3a51df5fc0c6bd303aa2778;Ready-to-Run Shop;G2
af3f3091400d990f7e218413700fa70d987f9f28501eccc79c48d0cc04eba47a;Haz-Mat Store;G2
0bfe534eb615cda280ab56e856ef4bb4ab93198806088719431b26642ae3be08;K&K Supermarket;G1
e432a3da3e1b57138a3b1550ad6d16d66cb784670403c389567d530dc9f701a6;Zephyr Shop;G2
882cca5d96398ad562fc96833c6d13b75f7e628af14f4177a3d3986330f2fdce;Lucky Shop;G2
c90c356f0652bad89c4e50b3486f9bfd2d811a9f0a1ddd1232660bf9f3e64145;Embedded Supermarket;G3
dd2ce39f795c9077406fbe40bd28e4e4b9676197ea3109bfc949f26d3601db5d;Capitola Market;G2
66a8931b231a6891b937f63a0693118085f06301298ede3a05ed920cf62f025d;Iconation Shop;G2
21060313577758fc3fc0351a272dff44c328cf6d579c71fdec3b0baf3caf2e01;Times Store;G2
a70a2f17f429e2064d79f5524ccf4c71958c3e7df0de6093442c131ee61d9324;Medics Shop;G2
ff4f51111963c0023fa2e6c824e2fb61cbbe5c4889508327e7fceaff6259bbb8;Gebbie Store;G2
64d00fdb9b7a744cafe49636de3f436afb3ef41e6d5a4505ff49d81cd21bac52;Vector USA;G3
ad251d26ed4170eb27b860ac4a1aba7e6610b2712bdeb5196cb122c789fa5cdb;U.S. Market;G2
941f6d612e28c98551bc2bddf1434c362a13aecbd8f63d501056a322fe0ec22e;Tampa Market;G2
1c8d405043813b6f1b276a6e101e6247449800a60d6bd5f3e2411f4b1d99d12d;TICOR Shop;G2
152af44e929f782eed366d8e790e32dca229b09c37f5920e3822d561d7a37c69;Dci Shop;G3
98e12b973c484853606e3763c00b634fc2b426107c395b70341fb1fca40209cc;Hederman Supermarket;G1
c41fc58ddce27dd5fea672805c3fa6da2568156e6d1dd8471e27a4c27cd42f1a;Home Market;G2
abaad5a350b4dcf0d7258b9376cef693c6787d8e9dcd048e343c019eae1490f1;Enterprises Shop;G2
759df62bf8183c4fd61b6dec33688de09736ff382fc53924eb6884af9eca80fd;Nanao Shop;G3
166f2f6521ed500260a0c5c092df729f904eec5951b9727db4d59f4accbb1891;Vanstars;G2
c391253c694a14b86cac59622e542ac2eb557d71a3157c2c018b8766e5d8a096;Hauppauge Supermarket;G2
dd050afbadea9c5dd136f426b22f5ad0b17fdcb77a4142baecd1dd102c9c56a1;NACSCORP Shop;G2
03f2d778b6f6552af6fb7287cec47a24488692e3cf6873e5f4bdb0dab088a723;Abbott Shop;G2
37826e25c1094bfa043969d2b79c03217e4d1a59eb90dc5fbb55665c945f6e7c;Litton Shop;G2
c735c22848c5591562935ade516b538ec26fa60a586ab2f4e4f849ca5ed113c2;Metro-Goldwyn-Mayer, Supermarket;G2
0f7cc8a09f0b9965029a07f6ab7800a73fe80f7ee41b8f644bb8c50f3ec075d6;One Market;G2
fd7a786473b5086dc6ff524ce0150a16c4f44a4f220b08c752f2d15b0c880bd6;Hoovey SuperStore;G1
64d0a3fdc47579bb2e9d9fe897fd7aecb2faa9b6df4fff011a898487450483b6;Federated Supermarket;G2
059a4737997056211537db36bb972be7c000edea3843fa2c6a1fd581f69a87d5;CalComp Shop;G3
ce84f0bca7234da9143d8da261ef209eec98d7b232ba01998510753215ea98a9;BizNet Supermarket;G2
1c44775062a0c44da4282058a6986e1295de5ee843bd414234ba15417a85727c;Aaron Store;G2
349f99236872076edd13e993acd0ac7cc27df66c5e2a77fb80c11edf4663f382;E Supermarket;G2
37566371f2626dac438b684c665618f1d588455f5de6b52dc84040544f0c08a4;Editor Shop;G2
664b28c133d2062eb5b3017540bda0823143731f51c4038839bc4b93efc87f68;Racal-Datacom Shop;G2
5c3ddd54e94e0b80b8c0a84254cf46adce5f92c45005743a82c779266e83bf93;Grove Supermarket;G2
72c695941a052b3d357666bac025b6b3d61811bdd855c223bac3404c1ee93610;Tangent Shop;G2
8f730d638e63d7df796cd5ada4af736269b184afd3667ab1f4235d3eaed603b5;?change Store;G2
848f7b927555636256361cb9714237481ecd5aaa25155ecc4e8c328f8b4aab43;Maxwell Supermarket;G2
951bf5f8eb901636da1d192adf53a7c1ffcad8b8443e8928e676a2705f123889;Palo Supermarket;G2
b11efbb37934d9f39518c6b8d0bc4dc653b81211c278a7c8cb959ea4354ebaf6;Clearout Shop;G2
3f057c0700a6d4270a248f1e0eaf46e6f016b2c4c9591bdb5097f12ed21901ea;Reveal Supermarket;G2
af58e33d01918bc5cac51642181456964bd55b6a535a71a194c2920b2aa0cd8d;Xyratex Shop;G1
43a9ca4da56683f41bcbc1a33ca113af618d641e9278f68ae8bbd32f48538f60;Lamson Store;G2
5db8aab0d8d5d52dee0326fa24971a995245bae177de869030688b21b723639f;Livezone Supermarket;G3
20d82359cffe7fdb93f864d026d0ce997f61371ed9e1971964f778a173e16819;EDA Supermarket;G2
b177ed5bd792be00bc41ad6275e6fad560f3c3bf43e994f1895fb9fe57976002;Valley Market;G2
ab2e42c4ff09283777fa33b1385aab59adcdeb683431e91073a151232c26011f;Xyplex Shop;G2
cef3edcff8944ce41230f44d96ff5d4ba36b828792bc1a0c23c49ed8fe670ae0;A2Z Store;G2
dfe18e93a4651c1d9b139214aea547168397e8c00118753bf7a75d7e61b2c809;Accidental Shop;G2
7dbb38fce33b0a19beb4a8a2795acfce1c0cfce5e65cd54e0202c3ab2b70b6f6;Unison Medistore;G2
bb81e2bc1373d1c4c6ae61a4baed59d8079530e63ce4c1cf11c8287b5c924599;De Store;G2
c211e45503d529767ce3df286016f36e2044b197addc93b837f69aa7f9b003a3;Sun Supermarket;G3
0ec456ee775518121f0949c65d6266b01180b003e22e011fdac33d11673f7fbf;AC Store;G2
121c8826778bf14009707ad49770cfd7e06dfbd2ad84d649d0b032b6fd4f7464;YourFuture Shop;G2
65e5ea5eda484bb8e958ebbefcd3a445f7d80021b7b673e6eb7c8a8744d514ee;SAT-SAGEM Supermarket;G1
04d8406c5d4b9b5ad0f038c2de9b1c84b062288b324c94772abd2888050fda28;Sarcom Shop;G1
1b0db2fcf68c73b6d2611fd8285e85c2e8f9e6c705a1a7a3a407cedb59d534b8;Teamsolve Shop;G1
fad960e75b3609ccaf7653a3050828ccc94967dcafa4ac58e6a104d821462217;R&J Shop;G2
99076291895f6ff5c0149f5be3b50bff6faa83b722465e56d8856ba6aeaa0cde;Ubicco Shop;G2
9ce0fa3c3e091ad5501228c31e5a015533d162c74c443dca047c4336d0a3fe6e;Old Store;G1
26d6ae251c26c16172fa25b76cd97ca7c744cb23d876d2c286f8bc5ebaf993b7;Fentek Market;G2
c131260fd331624f8c9e743dff47349d47c17c671d9ae5d063d6945fd1c842c9;Accel Supermarket;G2
09d5b1d3c5fb3b0f5cda4eea79363c3f77723c6c50930a47ad7a963567a7e479;Acc Supermarket;G2
bee65766ee354737273888e12067e871b6c4fe1c0b0d6dcbb4cf4ec4969cdaf9;G-Com Supermarket;G2
9aec2526d4075c2fa944f847d465a5ebc68a72a0daa7b1a96ac4ed4c3cc52487;a2i Shop;G2
21ba30e3ff4db4cf580a769285fdb52d7c8fc07fc9df800c9a8e04857f11a1a8;TAGnology Shop;G2
0020c5f093c6ec1962aeb9627b63a80eff8b0b07469236d7ce53a691e082bd60;Ultimate Supermarket;G2
b1e194e41061e41ac9138cf94a162be11ba43b967d8d0c6e8a87db6277fc3acb;Caravelle Shop;G2
b942ac54987eb3acdd0f8afa652133ea2d49c076d2b57186886d60f5f3e58eda;Pink Supermarket;G2
69dfdf6e16057558093c7068345626e532a342d9b7ea43d6f6b910c77ef995a1;UKnames.net Shop;G2
c7f9024464b24f406a156e65b3578a32c53715412b687b3075e83cdd7b834619;NBX Stores;G2
9cc1c71efbb002a4c3771b031f3a8c7ea5d3e04913fb0e840406c0e00491d288;ACME Maxiplace;G2
43d4eb4ed7b4d29d37d99e63e0ff704a75f6f547bb795b943218f88d81235694;Kool-Seal Shop;G2
2ce65bd748c7d1fd38228eb71aead1d025c20781b9044c03823b25fd3c53171f;T.M. Store;G1
05e03351350edaa89f9884566747849fd38498fa3dfb0438f9ec7e7b141942a4;P.C'S Shop;G3
87a0a23c34f0d6d1e09723be7b35d77c7408ba780678c128297137bab81acc18;Teca-Print Shop;G2
6d633c8d4f8ac6fea8f1277e1b586efc85ce492cb1c4c3011f55273b0f4dc72e;Capitolnet Supermarket;G2
d9880a4bc70863ba4484252158148d2726c49c0acfc108c92adb95a431e5fa14;Champs Gigaplace;G1
9c7de6e29eb426e82bb613c09a95e2daf7300a50ac69f6817f9c2b272675a348;Betacorp Shop;G2
19ce5d8a95ca02cfdb28c1b93c7ee36fd32f6806ed5be18e0741d4ed1baa0ac0;Farrell Supermarket;G2
4eb2731b5764cccbda4c3cf01be4dabfb60e3d50f19f65da690f1f3cd71e550c;Xtreme Shop;G2
a79b9c9bd8dcb36e3323dffe36329987373d6ca47ce13e21af4d746d14bb7ebc;Transylvania Supermarket;G1
583976da58ec4088dedc7a6cd8f0dbb66fbd62fbfa1ef3a46a5ed83142eec359;Fifth Store;G2
c095dc1a5764981814ec55a280c011a0dc8bdfe2fe446fe3b3dd820caedffb27;GE Market;G2
995a908d8816a11d9fc1546bc515464deab3339b6b3c99b79984fde3677756b3;Sigma Shop;G2
d66a9c0e6be0856dfb8da9da9305b1dfde5ccea1fc6ac81d38cd43769854bfbe;Stone Market;G2
8ac9ef06e9eabe832f1d89db33319745f4bf55e1811e669593aaef8422838cd8;TAL Store;G3
9fdc05e6463ef9cb30eca7733883f4d35277390a32ebad9fed1fcd8cefd43642;PLAINFIELD Market;G1
ceee571be6fcb82df5a40dd85d2cdd632312b7afab1489bd80686d62026c7fe9;Guarantee Supermarket;G1
ec6ab46379ac366b4ae83b1d0124a80c66221e8125524ca0085e87366346ea08;Elucidex Shop;G2
1c3377f5d792d423e2f86b6c11ba04f83dec09b33bb99445d58916434bca3621;ABSolute Shop;G2
a1eb461e4a89d7eeb461654533d8299d31b515aa47a9b8b17663065bd0d46dc1;Oklahoma Supermarket;G2
73625985d1af60aabdb4a248924e612d5ef416ae73dfaf85b34da0d70c4657f7;Safetynet Shop;G2
a413d28646a0b0f1242e7af9895b5e8a2a0aacee6b11e1fbd11a8292e0ee9fa0;C Store;G2
76ac34eed3d10ae9737f87cef3ff4c5ec5e3ed7980a6411eaf8ac4ee2d1f8830;Active Shop;G1
99a1b03f2fb9cdfbf9d395bee73c24cbf5aff90f2106e93394a1bec9b59672a7;Calypso Maxi Store;G2
22551a1dd58fa0218cc28bb65ff978a7b7f45904d6d5d9dd4e3566c3eade9c52;Action Supermarket;G1
48d1add3718252fe6692ccf6af77a4d43c48fa19a92eeadf01ef44b3f93d6a9a;Grumman Market;G2
5073fc8bda6e4fa10e259eb24b714b2cbff681301282915b02d277ce5977f4c4;PageWave Megastore;G2
936ac953aa5499165799870ad4997e1bb712821cb3e93be541f3de503021a918;SataMine Shop;G2
79611291025309894a529c2f595ee26d16289cb64d90c9b3cc1acf2a5f42726c;Robust Store;G2
b3b41944a4b8eb5c11425c5299d2b3c21fae88c975fd937c0b03bf7eeba9bb5e;Panngea Shop;G2
b35e1d5b593082946c3f46abb7bb7941b5bf37f46a85ef64c993b187816aba34;Gastown Store;G2
f9077f00ff202cb9594989e7ecc53de9159be24f3e305ee929f1dcf4285a3a51;Ping Shop;G2
d0b6fd88b10dfbeb55be178cb26e38821d32d06f978e77280210df9887e1c59d;Paul Store;G2
df67420e485ca2d9584e0684f94e924c5c4959d06d3779e99790ea14fc5d1434;Holy Supermarket;G2
70af7f30aabb4acc655eb5c417b3e9f04812a00ab4966191bf3ded3e8d7eadbf;Id Shop;G1
f22236dd02d039cbd54306897781c5c3b150b2e9ca22daba0ab7287d82d64232;Maxtor Shop;G2
a695751788943506e17ca585e0a41f74ec67459f08db600b5ef51e32591a90b4;Kawneer Market;G2
e2b2023a5887568dcaa4d306b2668b25b6ab07810e0c2b17ff4ae9f5d72f6a7a;PAGE Shop;G2
c02e0c41ec73728eff139c085c2bbe76a0229e626ddbb35fcf621197b09aefe2;Taskers Supermarket;G1
c7ca71d2a412b3d8c009a4227a0a0fb3342c3fa528ea5f4aaafd10d2d73a9b65;Onebox Shop;G1
e0c80f409a3338c357fe5cf22e24b09db4b8c81d9712e613c0b608fea11702f6;Age Shop;G2
5240c3aa9879569255f1966dd52dde717b7077a6c388ddfd8762001e1aa5d40b;Salias Gigaplace;G2
11481d79e8b509f14102e78148dc202cfb8198532ef3a0a1e0c035c60b4bda36;Nbase Shop;G1
2873046b34817d3855edad09c03946bf841adb6695383744527df1c54edfb93b;Whites;G2
8d802f9ce8c638cafb3925f8d5b2c00fbbbb8cac1b1e6948f381a1fa99ba2307;K Shop;G2
8d716fc014a66250bbbafe647ac8c61a8adff11e1dc5d97d31ba6c3f24aeaeae;Nancy Supermarket;G1
b37408db0d0bd2183a96f625b7d3c48bb8a752a8bf103c7a16184919385ff0e9;Sterling Store;G2
8230aa838dc94937aa480128c9285d72b4902c5046946589a4ebc56581c2232a;A&G Shop;G1
9cb99126c4ba354fab20c894e834949bee6e8b4d8fa4c4ae401ddcca83bc18a1;MATRIX Shop;G2
ead977583ad017edfb2a9d27a4c6e8b4bea748bcd578f4dd3da9e558be39660c;Qwest Shop;G2
9d33663053be2bb0e4c332a56b34ab1c65b41dcfd4f07d56585a6a9c1d514caa;Icon Market;G2
0374d0de3adb33c8a5025774b458448d3adaeb12e38692a33894e06936adbb49;AA-Wizard Shop;G2
89ca7abf0d839307214d2a69c109f5d5f818fe529f80b40bbb796eb1391826e5;Bounds Megaplace;G2
8e0f098afb5ba4e96f75d9398142d85e4807d7b6029c61ba10295d33c2c12cb6;Hidden Market;G2
fc7f5c02d62141e934416e527ca4bf70b52df6a51e1b680bd55b8469d7b10a7b;ACI Shop;G1
343ab1d917702e21904516c84a28e30f75b1813665f6c8cb5b5f319391964196;Harbour Store;G2
03953aaf423681eddf13c99900653b1497d03ebf4c3f7483d7ca953acc365530;Deere Store;G1
3b73b19b392954095895333ce94e802141196ce4a1ad7c42f90119d7b517706e;Tao Store;G2
6eaca4d3d69fb3627576d545a2bd0c844e6021baf274f5af7c18a5236aef19d6;FireTrans Shop;G2
3f61c3cdbddf847444c489ff29b1622cf431c7a6d92cf7433a4dd55b2d55bdea;Keystone Store;G3
4821bb55de9b648b07ec945cccaf9da0378dcc9fbd307867a7207e4bcb5416eb;Hill Supermarket;G2
f329f3758a0a1882e353c2829785b9d0c6552613477df5bbcec19c104edffda8;Wayne's Market;G2
e49cd00d140b4502fe23cdec1c0e3059ad1bf8b4f18c438cc601ab4d7e8ce8ce;MAXSTRAT Shop;G2
c136830cede5cc8bfbb9c0bef555803b262dc8d3905f38b1ee4d93872804d793;UUmail Shop;G2
e6e0f8bc813c52625352796a485717c7fbc394736cb4f059469785e99f0d13df;Ibis Shop;G2
edd9385e7b7fcced3674e7b7ec70c3a8446628ed64e7e37c13ee1ccdd4641a9e;Papyrus Shop;G2
721ce03f2918a8172d0ebfcd090463baee5b62e8164b6fd767948f2c29d79c50;Ventana Maxistore;G1
2e0b062e105c66ee0de09ab39f12a5799020f30d2dfe70ea2ec2aa35e5621f8c;Talarians;G2
cbf2e2d2fde1a25603a93a0b740a2a3e5f3f5ab66d58cb040541e8502cde15c9;Sifton Supermarket;G2
4e77d92ac8dc334c23564c4bb0aa617218b3d5f9e0ed6a86f6c8e1876bc32e13;Cambio Shop;G2
53c5f77bcce049f4d6bee2a1da8be5d40b0a063374fe9b33f2d3bcc514f1904c;A-2-Z Supermarket;G3
006786e7421312bcb23f1269687270623d35f8b2b9900c508ef0dea56df6b65b;AccuCom Shop;G2
148608b69f1a71d9b7fee13803177cfaba90db0b88988862d06c21478595a429;Pinnacle Supermarket;G2
a4c26f2583016e4baf1f53b96216e06164b001ef280a4d42a13a1e577cb222b9;EDGE Supermarket;G2
31093c02b2105010eaeaf67da4cb9a9a7c1f33b5d0cbb12e98a9d1f3aaa7bf61;RFI Superstore;G2
e3a115c741cbecab87a4ddf9c069ec596bcb898737fd746a7fc74b7bd6d2d738;Quantex Supermarket;G2
c7da79412ab4400c287195b46b225dd8cfc05b5ac1fd54fb971cd6c2e7537ac6;Active Supermarket;G2
a6053390b6dbc72e072e484b97ba716dcb244b860c45ecbb2e4efc5d0f587a10;Dellovade, Supermarket;G2
a3aad9d098bffb1c6b4c3870ce5d8c1549eed3da8ed4416d1d2ba1918d64ee66;SAIC Supermarket;G2
